Employee_ID,Date,Department,Job_Role,Hours_Worked,Tasks_Completed,Performance_Score,Tasks_Per_Hour,Year,Month,Tasks_Completed_Per_Day
1,2023-01-01,marketing,Manager,5,19,3,3.73,2023,1,3.8
2,2023-01-02,hr,Consultant,9,8,2,0.86,2023,1,0.8888888888888888
3,2023-01-03,finance,Developer,5,6,2,1.03,2023,1,1.2
4,2023-01-04,finance,Technician,6,15,1,2.34,2023,1,2.5
5,2023-01-05,marketing,Analyst,4,3,3,0.67,2023,1,0.75
6,2023-01-06,marketing,Analyst,11,2,1,0.17,2023,1,0.18181818181818182
7,2023-01-07,sales,Manager,11,10,3,0.91,2023,1,0.9090909090909091
8,2023-01-08,hr,Manager,11,1,4,0.09,2023,1,0.09090909090909091
9,2023-01-09,engineering,Technician,9,11,2,1.22,2023,1,1.2222222222222223
10,2023-01-10,hr,Developer,7,9,2,1.22,2023,1,1.2857142857142858
11,2023-01-11,finance,Consultant,8,4,3,0.5,2023,1,0.5
12,2023-01-12,engineering,Consultant,11,3,2,0.25,2023,1,0.2727272727272727
13,2023-01-13,hr,Developer,11,11,3,0.96,2023,1,1.0
14,2023-01-14,hr,Manager,9,6,3,0.64,2023,1,0.6666666666666666
15,2023-01-15,marketing,Consultant,10,13,2,1.26,2023,1,1.3
16,2023-01-16,engineering,Analyst,6,6,2,0.92,2023,1,1.0
17,2023-01-17,finance,Manager,7,3,2,0.41,2023,1,0.42857142857142855
18,2023-01-18,engineering,Developer,5,18,1,3.46,2023,1,3.6
19,2023-01-19,sales,Manager,7,3,1,0.43,2023,1,0.42857142857142855
20,2023-01-20,hr,Consultant,10,11,1,1.1,2023,1,1.1
21,2023-01-21,sales,Analyst,7,20,3,2.56,2023,1,2.857142857142857
22,2023-01-22,marketing,Analyst,10,20,2,1.85,2023,1,2.0
23,2023-01-23,finance,Technician,6,16,4,2.5,2023,1,2.6666666666666665
24,2023-01-24,hr,Analyst,9,1,1,0.1,2023,1,0.1111111111111111
25,2023-01-25,sales,Manager,10,14,3,1.35,2023,1,1.4
26,2023-01-26,finance,Technician,11,6,4,0.53,2023,1,0.5454545454545454
27,2023-01-27,hr,Manager,8,20,2,2.35,2023,1,2.5
28,2023-01-28,hr,Technician,11,14,2,1.2,2023,1,1.2727272727272727
29,2023-01-29,sales,Manager,8,6,2,0.71,2023,1,0.75
30,2023-01-30,marketing,Manager,5,2,3,0.39,2023,1,0.4
31,2023-01-31,sales,Analyst,5,4,1,0.68,2023,1,0.8
32,2023-02-01,marketing,Manager,5,11,3,1.96,2023,2,2.2
33,2023-02-02,engineering,Consultant,9,7,4,0.76,2023,2,0.7777777777777778
34,2023-02-03,sales,Manager,11,7,4,0.61,2023,2,0.6363636363636364
35,2023-02-04,finance,Manager,10,14,1,1.3,2023,2,1.4
36,2023-02-05,engineering,Consultant,4,18,3,3.83,2023,2,4.5
37,2023-02-06,sales,Analyst,9,18,2,1.84,2023,2,2.0
38,2023-02-07,marketing,Analyst,5,9,4,1.64,2023,2,1.8
39,2023-02-08,sales,Manager,6,10,1,1.64,2023,2,1.6666666666666667
40,2023-02-09,engineering,Manager,9,10,1,1.06,2023,2,1.1111111111111112
41,2023-02-10,marketing,Consultant,8,8,1,0.91,2023,2,1.0
42,2023-02-11,hr,Developer,11,4,3,0.36,2023,2,0.36363636363636365
43,2023-02-12,finance,Consultant,5,2,1,0.36,2023,2,0.4
44,2023-02-13,finance,Developer,10,13,3,1.29,2023,2,1.3
45,2023-02-14,hr,Consultant,9,19,2,1.94,2023,2,2.111111111111111
46,2023-02-15,finance,Developer,8,18,3,2.12,2023,2,2.25
47,2023-02-16,hr,Manager,7,16,4,2.05,2023,2,2.2857142857142856
48,2023-02-17,finance,Developer,11,5,3,0.45,2023,2,0.45454545454545453
49,2023-02-18,marketing,Technician,6,2,3,0.3,2023,2,0.3333333333333333
50,2023-02-19,finance,Manager,11,12,4,1.03,2023,2,1.0909090909090908
51,2023-02-20,finance,Consultant,4,1,2,0.24,2023,2,0.25
52,2023-02-21,finance,Technician,11,14,4,1.22,2023,2,1.2727272727272727
53,2023-02-22,finance,Developer,11,3,2,0.26,2023,2,0.2727272727272727
54,2023-02-23,sales,Developer,4,10,1,2.04,2023,2,2.5
55,2023-02-24,marketing,Technician,12,20,4,1.67,2023,2,1.6666666666666667
56,2023-02-25,marketing,Manager,7,16,3,2.05,2023,2,2.2857142857142856
57,2023-02-26,hr,Developer,5,7,2,1.19,2023,2,1.4
58,2023-02-27,marketing,Developer,8,4,2,0.45,2023,2,0.5
59,2023-02-28,hr,Consultant,5,1,3,0.18,2023,2,0.2
60,2023-03-01,finance,Developer,11,7,2,0.62,2023,3,0.6363636363636364
61,2023-03-02,sales,Technician,8,6,3,0.71,2023,3,0.75
62,2023-03-03,marketing,Manager,10,10,3,0.98,2023,3,1.0
63,2023-03-04,engineering,Manager,7,3,4,0.43,2023,3,0.42857142857142855
64,2023-03-05,marketing,Consultant,8,16,4,1.93,2023,3,2.0
65,2023-03-06,sales,Manager,6,4,3,0.58,2023,3,0.6666666666666666
66,2023-03-07,marketing,Analyst,6,10,1,1.64,2023,3,1.6666666666666667
67,2023-03-08,finance,Consultant,8,13,3,1.6,2023,3,1.625
68,2023-03-09,hr,Developer,8,16,2,2.0,2023,3,2.0
69,2023-03-10,finance,Analyst,4,16,1,3.33,2023,3,4.0
70,2023-03-11,finance,Technician,11,9,4,0.76,2023,3,0.8181818181818182
71,2023-03-12,finance,Developer,7,3,3,0.38,2023,3,0.42857142857142855
72,2023-03-13,sales,Developer,10,18,4,1.68,2023,3,1.8
73,2023-03-14,sales,Consultant,11,13,3,1.15,2023,3,1.1818181818181819
74,2023-03-15,finance,Manager,7,6,2,0.86,2023,3,0.8571428571428571
75,2023-03-16,marketing,Consultant,7,12,2,1.64,2023,3,1.7142857142857142
76,2023-03-17,finance,Technician,8,13,1,1.53,2023,3,1.625
77,2023-03-18,sales,Consultant,5,12,2,2.07,2023,3,2.4
78,2023-03-19,engineering,Consultant,5,6,1,1.15,2023,3,1.2
79,2023-03-20,finance,Consultant,6,15,2,2.46,2023,3,2.5
80,2023-03-21,finance,Analyst,11,2,1,0.17,2023,3,0.18181818181818182
81,2023-03-22,engineering,Developer,8,9,1,1.05,2023,3,1.125
82,2023-03-23,finance,Analyst,7,15,4,2.05,2023,3,2.142857142857143
83,2023-03-24,engineering,Analyst,5,15,2,2.88,2023,3,3.0
84,2023-03-25,sales,Developer,6,9,2,1.36,2023,3,1.5
85,2023-03-26,finance,Developer,7,8,2,1.14,2023,3,1.1428571428571428
86,2023-03-27,finance,Manager,10,9,1,0.84,2023,3,0.9
87,2023-03-28,sales,Developer,8,19,4,2.38,2023,3,2.375
88,2023-03-29,engineering,Consultant,9,2,2,0.22,2023,3,0.2222222222222222
89,2023-03-30,hr,Analyst,9,5,3,0.53,2023,3,0.5555555555555556
90,2023-03-31,hr,Manager,6,4,3,0.66,2023,3,0.6666666666666666
91,2023-04-01,hr,Technician,10,3,4,0.28,2023,4,0.3
92,2023-04-02,marketing,Manager,11,12,4,1.03,2023,4,1.0909090909090908
93,2023-04-03,marketing,Technician,9,18,2,1.98,2023,4,2.0
94,2023-04-04,engineering,Manager,7,14,3,1.77,2023,4,2.0
95,2023-04-05,hr,Manager,5,19,1,3.58,2023,4,3.8
96,2023-04-06,finance,Consultant,10,8,3,0.77,2023,4,0.8
97,2023-04-07,sales,Technician,5,18,2,3.33,2023,4,3.6
98,2023-04-08,engineering,Developer,9,2,3,0.2,2023,4,0.2222222222222222
99,2023-04-09,sales,Developer,7,13,4,1.65,2023,4,1.8571428571428572
100,2023-04-10,sales,Developer,11,17,3,1.5,2023,4,1.5454545454545454
101,2023-04-11,hr,Analyst,8,14,2,1.69,2023,4,1.75
102,2023-04-12,marketing,Manager,9,18,4,1.98,2023,4,2.0
103,2023-04-13,marketing,Analyst,4,16,3,3.56,2023,4,4.0
104,2023-04-14,engineering,Consultant,4,19,2,4.42,2023,4,4.75
105,2023-04-15,finance,Consultant,10,8,4,0.74,2023,4,0.8
106,2023-04-16,marketing,Technician,11,16,2,1.38,2023,4,1.4545454545454546
107,2023-04-17,hr,Consultant,9,10,2,1.08,2023,4,1.1111111111111112
108,2023-04-18,engineering,Technician,10,3,3,0.3,2023,4,0.3
109,2023-04-19,engineering,Consultant,7,13,3,1.78,2023,4,1.8571428571428572
110,2023-04-20,sales,Analyst,10,2,1,0.19,2023,4,0.2
111,2023-04-21,sales,Developer,5,17,1,2.88,2023,4,3.4
112,2023-04-22,finance,Analyst,9,19,1,1.96,2023,4,2.111111111111111
113,2023-04-23,engineering,Consultant,4,17,3,4.15,2023,4,4.25
114,2023-04-24,hr,Analyst,8,19,1,2.38,2023,4,2.375
115,2023-04-25,sales,Manager,7,20,1,2.86,2023,4,2.857142857142857
116,2023-04-26,sales,Technician,8,5,2,0.56,2023,4,0.625
117,2023-04-27,finance,Analyst,9,4,3,0.43,2023,4,0.4444444444444444
118,2023-04-28,marketing,Consultant,8,15,1,1.69,2023,4,1.875
119,2023-04-29,marketing,Developer,7,6,1,0.76,2023,4,0.8571428571428571
120,2023-04-30,hr,Technician,7,6,4,0.76,2023,4,0.8571428571428571
121,2023-05-01,marketing,Technician,4,7,3,1.71,2023,5,1.75
122,2023-05-02,engineering,Technician,8,7,2,0.83,2023,5,0.875
123,2023-05-03,marketing,Technician,4,5,2,1.22,2023,5,1.25
124,2023-05-04,engineering,Consultant,8,2,1,0.24,2023,5,0.25
125,2023-05-05,hr,Consultant,6,14,1,2.26,2023,5,2.3333333333333335
126,2023-05-06,finance,Manager,11,3,4,0.25,2023,5,0.2727272727272727
127,2023-05-07,hr,Technician,4,14,1,3.41,2023,5,3.5
128,2023-05-08,sales,Technician,10,7,1,0.67,2023,5,0.7
129,2023-05-09,sales,Analyst,9,5,3,0.53,2023,5,0.5555555555555556
130,2023-05-10,sales,Manager,10,20,1,1.92,2023,5,2.0
131,2023-05-11,finance,Consultant,11,9,3,0.8,2023,5,0.8181818181818182
132,2023-05-12,hr,Analyst,4,11,1,2.24,2023,5,2.75
133,2023-05-13,sales,Analyst,4,3,3,0.62,2023,5,0.75
134,2023-05-14,sales,Manager,5,3,1,0.58,2023,5,0.6
135,2023-05-15,hr,Technician,5,13,2,2.36,2023,5,2.6
136,2023-05-16,engineering,Developer,8,18,1,2.2,2023,5,2.25
137,2023-05-17,hr,Developer,10,13,4,1.24,2023,5,1.3
138,2023-05-18,marketing,Manager,0,18,3,2.95,2023,5,inf
139,2023-05-19,marketing,Consultant,7,11,3,1.53,2023,5,1.5714285714285714
140,2023-05-20,hr,Manager,7,9,1,1.29,2023,5,1.2857142857142858
141,2023-05-21,engineering,Consultant,7,17,3,2.36,2023,5,2.4285714285714284
142,2023-05-22,engineering,Analyst,8,15,3,1.76,2023,5,1.875
143,2023-05-23,finance,Developer,11,1,2,0.08,2023,5,0.09090909090909091
144,2023-05-24,sales,Analyst,5,20,1,3.45,2023,5,4.0
145,2023-05-25,engineering,Analyst,9,19,2,2.0,2023,5,2.111111111111111
146,2023-05-26,finance,Consultant,10,17,4,1.57,2023,5,1.7
147,2023-05-27,engineering,Consultant,9,14,4,1.52,2023,5,1.5555555555555556
148,2023-05-28,marketing,Developer,10,4,1,0.37,2023,5,0.4
149,2023-05-29,finance,Manager,10,14,4,1.39,2023,5,1.4
150,2023-05-30,finance,Manager,4,5,3,1.06,2023,5,1.25
151,2023-05-31,sales,Manager,7,5,4,0.71,2023,5,0.7142857142857143
152,2023-06-01,marketing,Consultant,8,19,4,2.26,2023,6,2.375
153,2023-06-02,engineering,Consultant,4,19,1,4.32,2023,6,4.75
154,2023-06-03,engineering,Analyst,4,19,3,4.63,2023,6,4.75
155,2023-06-04,hr,Consultant,5,4,2,0.74,2023,6,0.8
156,2023-06-05,finance,Developer,8,4,3,0.5,2023,6,0.5
157,2023-06-06,finance,Developer,7,19,2,2.53,2023,6,2.7142857142857144
158,2023-06-07,engineering,Analyst,10,4,2,0.39,2023,6,0.4
159,2023-06-08,finance,Consultant,8,10,3,1.18,2023,6,1.25
160,2023-06-09,finance,Manager,10,18,1,1.65,2023,6,1.8
161,2023-06-10,hr,Developer,4,12,2,2.5,2023,6,3.0
162,2023-06-11,marketing,Analyst,8,14,1,1.71,2023,6,1.75
163,2023-06-12,finance,Consultant,4,9,1,2.09,2023,6,2.25
164,2023-06-13,sales,Developer,5,13,4,2.28,2023,6,2.6
165,2023-06-14,sales,Consultant,10,16,3,1.47,2023,6,1.6
166,2023-06-15,hr,Manager,11,19,2,1.71,2023,6,1.7272727272727273
167,2023-06-16,finance,Analyst,7,20,1,2.56,2023,6,2.857142857142857
168,2023-06-17,marketing,Developer,4,16,1,3.64,2023,6,4.0
169,2023-06-18,finance,Manager,4,2,2,0.43,2023,6,0.5
170,2023-06-19,hr,Analyst,11,6,3,0.53,2023,6,0.5454545454545454
171,2023-06-20,sales,Analyst,11,9,1,0.8,2023,6,0.8181818181818182
172,2023-06-21,engineering,Manager,8,13,4,1.53,2023,6,1.625
173,2023-06-22,engineering,Analyst,4,5,3,1.16,2023,6,1.25
174,2023-06-23,marketing,Analyst,11,20,1,1.75,2023,6,1.8181818181818181
175,2023-06-24,sales,Manager,6,20,2,3.08,2023,6,3.3333333333333335
176,2023-06-25,hr,Consultant,11,13,1,1.11,2023,6,1.1818181818181819
177,2023-06-26,hr,Manager,8,2,3,0.23,2023,6,0.25
178,2023-06-27,engineering,Analyst,10,13,4,1.3,2023,6,1.3
179,2023-06-28,engineering,Consultant,9,11,4,1.13,2023,6,1.2222222222222223
180,2023-06-29,engineering,Developer,7,8,4,1.11,2023,6,1.1428571428571428
181,2023-06-30,marketing,Technician,4,2,3,0.43,2023,6,0.5
182,2023-07-01,marketing,Technician,5,16,3,3.02,2023,7,3.2
183,2023-07-02,sales,Manager,5,9,2,1.53,2023,7,1.8
184,2023-07-03,hr,Technician,10,12,1,1.12,2023,7,1.2
185,2023-07-04,engineering,Manager,7,1,3,0.14,2023,7,0.14285714285714285
186,2023-07-05,finance,Manager,11,11,1,0.98,2023,7,1.0
187,2023-07-06,sales,Technician,6,10,4,1.49,2023,7,1.6666666666666667
188,2023-07-07,finance,Technician,10,10,4,1.0,2023,7,1.0
189,2023-07-08,hr,Developer,0,9,2,1.76,2023,7,inf
190,2023-07-09,engineering,Developer,11,16,3,1.34,2023,7,1.4545454545454546
191,2023-07-10,engineering,Consultant,9,4,3,0.41,2023,7,0.4444444444444444
192,2023-07-11,finance,Developer,8,8,4,1.0,2023,7,1.0
193,2023-07-12,finance,Manager,11,5,3,0.42,2023,7,0.45454545454545453
194,2023-07-13,sales,Manager,4,10,1,2.27,2023,7,2.5
195,2023-07-14,engineering,Analyst,7,15,1,2.0,2023,7,2.142857142857143
196,2023-07-15,sales,Technician,10,11,2,1.03,2023,7,1.1
197,2023-07-16,engineering,Consultant,6,9,1,1.34,2023,7,1.5
198,2023-07-17,hr,Technician,10,14,4,1.37,2023,7,1.4
199,2023-07-18,sales,Technician,11,20,2,1.72,2023,7,1.8181818181818181
200,2023-07-19,sales,Manager,7,3,4,0.42,2023,7,0.42857142857142855
201,2023-07-20,sales,Technician,10,7,2,0.69,2023,7,0.7
202,2023-07-21,sales,Analyst,4,15,1,3.57,2023,7,3.75
203,2023-07-22,sales,Developer,6,7,3,1.13,2023,7,1.1666666666666667
204,2023-07-23,hr,Developer,11,14,4,1.18,2023,7,1.2727272727272727
205,2023-07-24,engineering,Analyst,7,16,3,2.03,2023,7,2.2857142857142856
206,2023-07-25,finance,Analyst,6,17,1,2.5,2023,7,2.8333333333333335
207,2023-07-26,engineering,Analyst,11,12,1,1.04,2023,7,1.0909090909090908
208,2023-07-27,hr,Analyst,7,2,3,0.27,2023,7,0.2857142857142857
209,2023-07-28,finance,Manager,9,17,3,1.81,2023,7,1.8888888888888888
210,2023-07-29,sales,Developer,9,6,2,0.65,2023,7,0.6666666666666666
211,2023-07-30,finance,Manager,4,3,2,0.64,2023,7,0.75
212,2023-07-31,marketing,Developer,8,10,1,1.12,2023,7,1.25
213,2023-08-01,engineering,Technician,10,17,3,1.63,2023,8,1.7
214,2023-08-02,engineering,Analyst,9,13,2,1.34,2023,8,1.4444444444444444
215,2023-08-03,sales,Consultant,4,5,4,1.06,2023,8,1.25
216,2023-08-04,sales,Technician,5,17,2,3.27,2023,8,3.4
217,2023-08-05,engineering,Technician,9,19,2,1.96,2023,8,2.111111111111111
218,2023-08-06,marketing,Analyst,9,1,2,0.11,2023,8,0.1111111111111111
219,2023-08-07,hr,Manager,9,6,3,0.61,2023,8,0.6666666666666666
220,2023-08-08,finance,Manager,6,7,4,1.08,2023,8,1.1666666666666667
221,2023-08-09,sales,Consultant,4,7,2,1.43,2023,8,1.75
222,2023-08-10,engineering,Consultant,4,2,4,0.5,2023,8,0.5
223,2023-08-11,engineering,Consultant,6,8,2,1.23,2023,8,1.3333333333333333
224,2023-08-12,marketing,Manager,6,2,2,0.29,2023,8,0.3333333333333333
225,2023-08-13,hr,Consultant,6,15,3,2.42,2023,8,2.5
226,2023-08-14,engineering,Developer,5,2,2,0.39,2023,8,0.4
227,2023-08-15,engineering,Consultant,5,12,2,2.18,2023,8,2.4
228,2023-08-16,sales,Consultant,7,7,2,0.92,2023,8,1.0
229,2023-08-17,hr,Developer,8,9,3,1.07,2023,8,1.125
230,2023-08-18,sales,Technician,7,12,3,1.64,2023,8,1.7142857142857142
231,2023-08-19,hr,Developer,4,15,4,3.57,2023,8,3.75
232,2023-08-20,hr,Consultant,6,17,3,2.5,2023,8,2.8333333333333335
233,2023-08-21,engineering,Consultant,4,13,3,2.77,2023,8,3.25
234,2023-08-22,marketing,Technician,8,4,2,0.45,2023,8,0.5
235,2023-08-23,finance,Consultant,6,1,3,0.15,2023,8,0.16666666666666666
236,2023-08-24,hr,Manager,7,8,1,1.13,2023,8,1.1428571428571428
237,2023-08-25,sales,Manager,6,12,1,1.9,2023,8,2.0
238,2023-08-26,finance,Developer,7,16,2,2.25,2023,8,2.2857142857142856
239,2023-08-27,engineering,Analyst,4,20,2,4.26,2023,8,5.0
240,2023-08-28,marketing,Analyst,11,15,3,1.34,2023,8,1.3636363636363635
241,2023-08-29,engineering,Manager,11,6,3,0.54,2023,8,0.5454545454545454
242,2023-08-30,engineering,Developer,11,16,3,1.36,2023,8,1.4545454545454546
243,2023-08-31,engineering,Analyst,8,19,1,2.21,2023,8,2.375
244,2023-09-01,sales,Developer,5,18,4,3.33,2023,9,3.6
245,2023-09-02,finance,Manager,7,12,1,1.71,2023,9,1.7142857142857142
246,2023-09-03,marketing,Technician,5,12,1,2.35,2023,9,2.4
247,2023-09-04,finance,Manager,6,6,1,0.94,2023,9,1.0
248,2023-09-05,finance,Technician,7,9,4,1.14,2023,9,1.2857142857142858
249,2023-09-06,marketing,Technician,4,3,2,0.67,2023,9,0.75
250,2023-09-07,finance,Consultant,7,10,1,1.33,2023,9,1.4285714285714286
251,2023-09-08,finance,Developer,7,1,1,0.14,2023,9,0.14285714285714285
252,2023-09-09,marketing,Developer,7,13,1,1.65,2023,9,1.8571428571428572
253,2023-09-10,hr,Developer,4,2,1,0.43,2023,9,0.5
254,2023-09-11,engineering,Consultant,6,6,2,1.0,2023,9,1.0
255,2023-09-12,sales,Technician,6,19,4,3.17,2023,9,3.1666666666666665
256,2023-09-13,sales,Developer,9,7,3,0.78,2023,9,0.7777777777777778
257,2023-09-14,hr,Technician,8,8,3,0.91,2023,9,1.0
258,2023-09-15,finance,Consultant,5,8,3,1.43,2023,9,1.6
259,2023-09-16,finance,Analyst,4,7,3,1.43,2023,9,1.75
260,2023-09-17,sales,Developer,6,9,4,1.41,2023,9,1.5
261,2023-09-18,sales,Manager,11,14,4,1.21,2023,9,1.2727272727272727
262,2023-09-19,sales,Manager,6,17,3,2.54,2023,9,2.8333333333333335
263,2023-09-20,finance,Manager,9,1,2,0.11,2023,9,0.1111111111111111
264,2023-09-21,hr,Technician,10,1,1,0.1,2023,9,0.1
265,2023-09-22,sales,Analyst,6,16,3,2.42,2023,9,2.6666666666666665
266,2023-09-23,marketing,Consultant,6,5,4,0.75,2023,9,0.8333333333333334
267,2023-09-24,marketing,Developer,10,6,2,0.57,2023,9,0.6
268,2023-09-25,sales,Manager,10,20,1,1.83,2023,9,2.0
269,2023-09-26,marketing,Analyst,11,1,3,0.08,2023,9,0.09090909090909091
270,2023-09-27,hr,Developer,5,8,3,1.57,2023,9,1.6
271,2023-09-28,sales,Developer,6,9,1,1.36,2023,9,1.5
272,2023-09-29,finance,Developer,11,20,1,1.72,2023,9,1.8181818181818181
273,2023-09-30,marketing,Manager,5,10,1,1.79,2023,9,2.0
274,2023-10-01,sales,Analyst,6,9,1,1.38,2023,10,1.5
275,2023-10-02,hr,Analyst,11,14,1,1.2,2023,10,1.2727272727272727
276,2023-10-03,hr,Developer,11,13,1,1.11,2023,10,1.1818181818181819
277,2023-10-04,hr,Analyst,6,12,4,1.9,2023,10,2.0
278,2023-10-05,engineering,Developer,9,15,4,1.56,2023,10,1.6666666666666667
279,2023-10-06,finance,Consultant,7,9,2,1.14,2023,10,1.2857142857142858
280,2023-10-07,marketing,Consultant,8,7,2,0.81,2023,10,0.875
281,2023-10-08,marketing,Manager,5,15,3,2.54,2023,10,3.0
282,2023-10-09,finance,Manager,7,10,3,1.43,2023,10,1.4285714285714286
283,2023-10-10,marketing,Consultant,10,17,3,1.62,2023,10,1.7
284,2023-10-11,finance,Analyst,7,20,1,2.82,2023,10,2.857142857142857
285,2023-10-12,engineering,Consultant,4,13,1,2.65,2023,10,3.25
286,2023-10-13,sales,Consultant,8,19,2,2.24,2023,10,2.375
287,2023-10-14,sales,Technician,8,4,4,0.46,2023,10,0.5
288,2023-10-15,hr,Technician,8,1,4,0.12,2023,10,0.125
289,2023-10-16,engineering,Analyst,9,17,2,1.79,2023,10,1.8888888888888888
290,2023-10-17,finance,Developer,8,12,4,1.43,2023,10,1.5
291,2023-10-18,hr,Manager,11,18,2,1.55,2023,10,1.6363636363636365
292,2023-10-19,marketing,Analyst,7,20,3,2.6,2023,10,2.857142857142857
293,2023-10-20,marketing,Technician,9,20,1,2.06,2023,10,2.2222222222222223
294,2023-10-21,finance,Consultant,7,10,4,1.33,2023,10,1.4285714285714286
295,2023-10-22,marketing,Analyst,6,10,3,1.59,2023,10,1.6666666666666667
296,2023-10-23,engineering,Developer,9,4,2,0.42,2023,10,0.4444444444444444
297,2023-10-24,engineering,Technician,10,16,2,1.51,2023,10,1.6
298,2023-10-25,hr,Analyst,10,3,1,0.29,2023,10,0.3
299,2023-10-26,hr,Analyst,7,11,1,1.51,2023,10,1.5714285714285714
300,2023-10-27,sales,Consultant,8,9,2,1.12,2023,10,1.125
301,2023-10-28,sales,Technician,9,11,4,1.21,2023,10,1.2222222222222223
302,2023-10-29,engineering,Consultant,5,9,4,1.53,2023,10,1.8
303,2023-10-30,sales,Technician,9,9,4,0.97,2023,10,1.0
304,2023-10-31,engineering,Consultant,9,10,4,1.03,2023,10,1.1111111111111112
305,2023-11-01,hr,Consultant,10,7,4,0.68,2023,11,0.7
306,2023-11-02,hr,Developer,4,5,3,1.09,2023,11,1.25
307,2023-11-03,finance,Consultant,11,17,3,1.43,2023,11,1.5454545454545454
308,2023-11-04,sales,Developer,7,8,4,1.03,2023,11,1.1428571428571428
309,2023-11-05,marketing,Analyst,7,2,3,0.28,2023,11,0.2857142857142857
310,2023-11-06,sales,Analyst,8,20,4,2.47,2023,11,2.5
311,2023-11-07,sales,Manager,11,13,4,1.14,2023,11,1.1818181818181819
312,2023-11-08,finance,Analyst,9,11,4,1.16,2023,11,1.2222222222222223
313,2023-11-09,finance,Technician,8,5,2,0.6,2023,11,0.625
314,2023-11-10,hr,Developer,10,1,2,0.1,2023,11,0.1
315,2023-11-11,marketing,Analyst,6,16,3,2.32,2023,11,2.6666666666666665
316,2023-11-12,sales,Manager,11,10,1,0.89,2023,11,0.9090909090909091
317,2023-11-13,engineering,Manager,8,9,1,1.08,2023,11,1.125
318,2023-11-14,marketing,Technician,9,14,1,1.54,2023,11,1.5555555555555556
319,2023-11-15,hr,Manager,4,13,3,2.77,2023,11,3.25
320,2023-11-16,sales,Consultant,10,13,4,1.27,2023,11,1.3
321,2023-11-17,sales,Technician,9,2,3,0.22,2023,11,0.2222222222222222
322,2023-11-18,sales,Technician,6,19,1,2.79,2023,11,3.1666666666666665
323,2023-11-19,sales,Manager,9,19,2,2.07,2023,11,2.111111111111111
324,2023-11-20,sales,Analyst,4,7,4,1.59,2023,11,1.75
325,2023-11-21,hr,Consultant,11,11,3,0.92,2023,11,1.0
326,2023-11-22,marketing,Manager,9,8,1,0.85,2023,11,0.8888888888888888
327,2023-11-23,finance,Analyst,7,18,4,2.5,2023,11,2.5714285714285716
328,2023-11-24,sales,Manager,10,16,1,1.6,2023,11,1.6
329,2023-11-25,sales,Technician,11,12,1,1.03,2023,11,1.0909090909090908
330,2023-11-26,sales,Consultant,7,17,3,2.3,2023,11,2.4285714285714284
331,2023-11-27,sales,Technician,4,10,4,2.44,2023,11,2.5
332,2023-11-28,finance,Manager,6,6,1,0.98,2023,11,1.0
333,2023-11-29,marketing,Developer,8,18,4,2.22,2023,11,2.25
334,2023-11-30,hr,Developer,8,6,2,0.73,2023,11,0.75
335,2023-12-01,sales,Consultant,8,10,2,1.16,2023,12,1.25
336,2023-12-02,sales,Analyst,8,4,4,0.47,2023,12,0.5
337,2023-12-03,finance,Developer,7,16,2,2.11,2023,12,2.2857142857142856
338,2023-12-04,sales,Analyst,7,5,4,0.7,2023,12,0.7142857142857143
339,2023-12-05,engineering,Consultant,10,9,3,0.88,2023,12,0.9
340,2023-12-06,finance,Developer,8,18,4,2.07,2023,12,2.25
341,2023-12-07,marketing,Developer,8,6,3,0.75,2023,12,0.75
342,2023-12-08,finance,Analyst,6,11,1,1.62,2023,12,1.8333333333333333
343,2023-12-09,hr,Technician,4,3,3,0.71,2023,12,0.75
344,2023-12-10,hr,Developer,4,8,4,1.67,2023,12,2.0
345,2023-12-11,finance,Technician,7,12,1,1.64,2023,12,1.7142857142857142
346,2023-12-12,sales,Analyst,11,8,1,0.68,2023,12,0.7272727272727273
347,2023-12-13,sales,Technician,4,10,2,2.04,2023,12,2.5
348,2023-12-14,finance,Technician,11,14,3,1.22,2023,12,1.2727272727272727
349,2023-12-15,marketing,Developer,5,11,1,2.16,2023,12,2.2
350,2023-12-16,finance,Analyst,6,12,1,1.85,2023,12,2.0
351,2023-12-17,sales,Analyst,7,9,4,1.18,2023,12,1.2857142857142858
352,2023-12-18,engineering,Developer,5,19,3,3.33,2023,12,3.8
353,2023-12-19,sales,Technician,7,10,3,1.27,2023,12,1.4285714285714286
354,2023-12-20,hr,Technician,7,15,3,1.92,2023,12,2.142857142857143
355,2023-12-21,sales,Technician,7,4,4,0.53,2023,12,0.5714285714285714
356,2023-12-22,hr,Manager,9,16,3,1.67,2023,12,1.7777777777777777
357,2023-12-23,sales,Analyst,6,2,1,0.3,2023,12,0.3333333333333333
358,2023-12-24,finance,Consultant,6,19,2,2.97,2023,12,3.1666666666666665
359,2023-12-25,hr,Technician,10,19,3,1.81,2023,12,1.9
360,2023-12-26,engineering,Developer,4,20,2,4.08,2023,12,5.0
361,2023-12-27,marketing,Manager,10,3,4,0.28,2023,12,0.3
362,2023-12-28,finance,Technician,9,16,4,1.74,2023,12,1.7777777777777777
363,2023-12-29,marketing,Technician,9,7,4,0.74,2023,12,0.7777777777777778
364,2023-12-30,engineering,Analyst,5,17,2,3.21,2023,12,3.4
365,2023-12-31,finance,Consultant,11,4,4,0.34,2023,12,0.36363636363636365
366,2024-01-01,engineering,Analyst,6,13,4,2.17,2024,1,2.1666666666666665
367,2024-01-02,finance,Technician,5,17,2,3.15,2024,1,3.4
368,2024-01-03,marketing,Manager,5,10,1,1.89,2024,1,2.0
369,2024-01-04,hr,Developer,8,14,3,1.65,2024,1,1.75
370,2024-01-05,sales,Technician,11,2,1,0.17,2024,1,0.18181818181818182
371,2024-01-06,engineering,Analyst,5,5,4,0.85,2024,1,1.0
372,2024-01-07,marketing,Developer,7,5,2,0.69,2024,1,0.7142857142857143
373,2024-01-08,marketing,Analyst,5,7,3,1.27,2024,1,1.4
374,2024-01-09,marketing,Manager,9,11,3,1.21,2024,1,1.2222222222222223
375,2024-01-10,finance,Manager,7,14,2,1.87,2024,1,2.0
376,2024-01-11,hr,Developer,4,19,3,4.52,2024,1,4.75
377,2024-01-12,marketing,Analyst,8,15,1,1.69,2024,1,1.875
378,2024-01-13,finance,Technician,5,5,4,0.89,2024,1,1.0
379,2024-01-14,finance,Analyst,8,11,3,1.26,2024,1,1.375
380,2024-01-15,sales,Manager,7,6,2,0.85,2024,1,0.8571428571428571
381,2024-01-16,marketing,Technician,9,3,3,0.31,2024,1,0.3333333333333333
382,2024-01-17,finance,Technician,5,16,1,2.86,2024,1,3.2
383,2024-01-18,finance,Consultant,0,11,1,1.1,2024,1,inf
384,2024-01-19,engineering,Consultant,10,6,3,0.57,2024,1,0.6
385,2024-01-20,engineering,Manager,4,11,2,2.44,2024,1,2.75
386,2024-01-21,finance,Analyst,4,2,3,0.42,2024,1,0.5
387,2024-01-22,hr,Technician,11,1,2,0.09,2024,1,0.09090909090909091
388,2024-01-23,engineering,Consultant,5,15,3,2.73,2024,1,3.0
389,2024-01-24,sales,Manager,6,9,1,1.36,2024,1,1.5
390,2024-01-25,marketing,Consultant,7,7,2,0.91,2024,1,1.0
391,2024-01-26,sales,Developer,6,6,3,0.98,2024,1,1.0
392,2024-01-27,marketing,Manager,10,19,2,1.74,2024,1,1.9
393,2024-01-28,finance,Manager,8,6,3,0.73,2024,1,0.75
394,2024-01-29,engineering,Analyst,9,16,1,1.76,2024,1,1.7777777777777777
395,2024-01-30,hr,Technician,8,3,3,0.34,2024,1,0.375
396,2024-01-31,finance,Developer,8,5,2,0.56,2024,1,0.625
397,2024-02-01,engineering,Consultant,8,20,4,2.3,2024,2,2.5
398,2024-02-02,engineering,Developer,6,14,2,2.06,2024,2,2.3333333333333335
399,2024-02-03,marketing,Manager,10,14,1,1.3,2024,2,1.4
400,2024-02-04,engineering,Analyst,8,13,1,1.46,2024,2,1.625
401,2024-02-05,engineering,Analyst,10,14,3,1.33,2024,2,1.4
402,2024-02-06,finance,Manager,9,16,1,1.67,2024,2,1.7777777777777777
403,2024-02-07,engineering,Developer,6,13,1,2.03,2024,2,2.1666666666666665
404,2024-02-08,sales,Consultant,8,1,2,0.11,2024,2,0.125
405,2024-02-09,marketing,Developer,4,2,1,0.43,2024,2,0.5
406,2024-02-10,hr,Manager,5,18,2,3.53,2024,2,3.6
407,2024-02-11,hr,Technician,4,7,2,1.43,2024,2,1.75
408,2024-02-12,engineering,Developer,6,12,1,1.88,2024,2,2.0
409,2024-02-13,marketing,Manager,5,1,4,0.18,2024,2,0.2
410,2024-02-14,finance,Developer,9,11,1,1.16,2024,2,1.2222222222222223
411,2024-02-15,sales,Analyst,8,17,4,2.1,2024,2,2.125
412,2024-02-16,marketing,Manager,7,7,1,0.96,2024,2,1.0
413,2024-02-17,marketing,Developer,5,1,3,0.2,2024,2,0.2
414,2024-02-18,finance,Consultant,7,1,4,0.14,2024,2,0.14285714285714285
415,2024-02-19,hr,Analyst,5,8,4,1.45,2024,2,1.6
416,2024-02-20,hr,Developer,9,8,3,0.88,2024,2,0.8888888888888888
417,2024-02-21,finance,Consultant,9,12,3,1.26,2024,2,1.3333333333333333
418,2024-02-22,engineering,Manager,9,10,4,1.09,2024,2,1.1111111111111112
419,2024-02-23,sales,Technician,12,5,2,0.42,2024,2,0.4166666666666667
420,2024-02-24,hr,Manager,8,4,3,0.48,2024,2,0.5
421,2024-02-25,engineering,Developer,7,13,3,1.65,2024,2,1.8571428571428572
422,2024-02-26,marketing,Developer,5,17,2,3.33,2024,2,3.4
423,2024-02-27,hr,Technician,6,19,3,2.92,2024,2,3.1666666666666665
424,2024-02-28,marketing,Developer,7,10,1,1.32,2024,2,1.4285714285714286
425,2024-02-29,engineering,Analyst,4,6,4,1.36,2024,2,1.5
426,2024-03-01,finance,Developer,6,3,2,0.43,2024,3,0.5
427,2024-03-02,marketing,Consultant,4,2,3,0.49,2024,3,0.5
428,2024-03-03,hr,Technician,5,10,2,1.96,2024,3,2.0
429,2024-03-04,marketing,Analyst,10,10,2,0.95,2024,3,1.0
430,2024-03-05,marketing,Manager,11,15,2,1.28,2024,3,1.3636363636363635
431,2024-03-06,hr,Consultant,8,17,3,2.12,2024,3,2.125
432,2024-03-07,engineering,Analyst,8,20,4,2.5,2024,3,2.5
433,2024-03-08,hr,Consultant,9,17,2,1.79,2024,3,1.8888888888888888
434,2024-03-09,sales,Consultant,7,11,1,1.51,2024,3,1.5714285714285714
435,2024-03-10,engineering,Consultant,10,14,1,1.31,2024,3,1.4
436,2024-03-11,hr,Consultant,7,5,4,0.63,2024,3,0.7142857142857143
437,2024-03-12,finance,Analyst,4,11,4,2.34,2024,3,2.75
438,2024-03-13,sales,Manager,4,16,1,3.81,2024,3,4.0
439,2024-03-14,engineering,Developer,10,12,3,1.19,2024,3,1.2
440,2024-03-15,sales,Technician,6,7,3,1.11,2024,3,1.1666666666666667
441,2024-03-16,marketing,Manager,6,6,1,0.97,2024,3,1.0
442,2024-03-17,sales,Consultant,8,13,4,1.57,2024,3,1.625
443,2024-03-18,engineering,Developer,5,1,2,0.19,2024,3,0.2
444,2024-03-19,sales,Consultant,7,8,3,1.04,2024,3,1.1428571428571428
445,2024-03-20,sales,Consultant,9,8,2,0.81,2024,3,0.8888888888888888
446,2024-03-21,marketing,Technician,10,5,3,0.5,2024,3,0.5
447,2024-03-22,marketing,Manager,8,7,4,0.83,2024,3,0.875
448,2024-03-23,engineering,Consultant,4,1,2,0.2,2024,3,0.25
449,2024-03-24,sales,Developer,4,19,2,3.88,2024,3,4.75
450,2024-03-25,engineering,Analyst,10,17,3,1.67,2024,3,1.7
451,2024-03-26,sales,Manager,10,6,1,0.57,2024,3,0.6
452,2024-03-27,marketing,Manager,6,4,1,0.58,2024,3,0.6666666666666666
453,2024-03-28,engineering,Manager,10,12,4,1.13,2024,3,1.2
454,2024-03-29,finance,Technician,4,2,2,0.47,2024,3,0.5
455,2024-03-30,finance,Developer,9,13,3,1.33,2024,3,1.4444444444444444
456,2024-03-31,marketing,Technician,8,9,3,1.07,2024,3,1.125
457,2024-04-01,marketing,Developer,11,18,4,1.51,2024,4,1.6363636363636365
458,2024-04-02,engineering,Analyst,4,20,1,4.17,2024,4,5.0
459,2024-04-03,marketing,Consultant,10,2,1,0.19,2024,4,0.2
460,2024-04-04,finance,Manager,10,20,1,2.0,2024,4,2.0
461,2024-04-05,hr,Analyst,6,2,2,0.31,2024,4,0.3333333333333333
462,2024-04-06,finance,Consultant,12,4,2,0.33,2024,4,0.3333333333333333
463,2024-04-07,finance,Technician,7,1,2,0.13,2024,4,0.14285714285714285
464,2024-04-08,finance,Analyst,6,2,3,0.29,2024,4,0.3333333333333333
465,2024-04-09,engineering,Manager,10,4,2,0.38,2024,4,0.4
466,2024-04-10,hr,Analyst,7,14,2,1.87,2024,4,2.0
467,2024-04-11,finance,Technician,12,15,4,1.25,2024,4,1.25
468,2024-04-12,marketing,Consultant,10,13,2,1.27,2024,4,1.3
469,2024-04-13,marketing,Technician,5,4,3,0.68,2024,4,0.8
470,2024-04-14,hr,Analyst,10,18,4,1.71,2024,4,1.8
471,2024-04-15,engineering,Technician,8,9,2,1.03,2024,4,1.125
472,2024-04-16,engineering,Developer,6,16,1,2.35,2024,4,2.6666666666666665
473,2024-04-17,engineering,Developer,9,5,1,0.52,2024,4,0.5555555555555556
474,2024-04-18,finance,Technician,9,7,3,0.77,2024,4,0.7777777777777778
475,2024-04-19,engineering,Developer,5,1,3,0.19,2024,4,0.2
476,2024-04-20,sales,Technician,5,10,4,1.96,2024,4,2.0
477,2024-04-21,engineering,Consultant,5,14,3,2.46,2024,4,2.8
478,2024-04-22,marketing,Manager,5,4,1,0.7,2024,4,0.8
479,2024-04-23,sales,Consultant,4,17,1,3.78,2024,4,4.25
480,2024-04-24,marketing,Technician,6,9,1,1.32,2024,4,1.5
481,2024-04-25,finance,Developer,0,20,1,3.23,2024,4,inf
482,2024-04-26,hr,Analyst,8,20,4,2.41,2024,4,2.5
483,2024-04-27,finance,Manager,6,5,3,0.76,2024,4,0.8333333333333334
484,2024-04-28,marketing,Consultant,9,14,1,1.46,2024,4,1.5555555555555556
485,2024-04-29,sales,Analyst,6,4,2,0.63,2024,4,0.6666666666666666
486,2024-04-30,sales,Consultant,6,17,4,2.79,2024,4,2.8333333333333335
487,2024-05-01,engineering,Developer,10,20,1,1.83,2024,5,2.0
488,2024-05-02,marketing,Consultant,11,4,2,0.34,2024,5,0.36363636363636365
489,2024-05-03,engineering,Analyst,0,10,1,1.06,2024,5,inf
490,2024-05-04,marketing,Manager,4,4,3,0.83,2024,5,1.0
491,2024-05-05,finance,Technician,11,4,4,0.34,2024,5,0.36363636363636365
492,2024-05-06,finance,Analyst,10,16,2,1.55,2024,5,1.6
493,2024-05-07,engineering,Technician,11,7,1,0.61,2024,5,0.6363636363636364
494,2024-05-08,hr,Analyst,11,20,2,1.68,2024,5,1.8181818181818181
495,2024-05-09,finance,Technician,10,7,3,0.64,2024,5,0.7
496,2024-05-10,marketing,Technician,5,9,1,1.8,2024,5,1.8
497,2024-05-11,engineering,Manager,10,17,4,1.56,2024,5,1.7
498,2024-05-12,hr,Consultant,6,7,1,1.17,2024,5,1.1666666666666667
499,2024-05-13,engineering,Analyst,9,12,3,1.24,2024,5,1.3333333333333333
500,2024-05-14,hr,Technician,10,14,4,1.32,2024,5,1.4
501,2024-05-15,marketing,Consultant,10,10,2,0.99,2024,5,1.0
502,2024-05-16,hr,Technician,9,6,2,0.64,2024,5,0.6666666666666666
503,2024-05-17,finance,Manager,7,2,4,0.25,2024,5,0.2857142857142857
504,2024-05-18,engineering,Consultant,8,18,3,2.09,2024,5,2.25
505,2024-05-19,hr,Consultant,6,16,2,2.62,2024,5,2.6666666666666665
506,2024-05-20,marketing,Manager,7,7,2,0.96,2024,5,1.0
507,2024-05-21,hr,Manager,7,16,4,2.11,2024,5,2.2857142857142856
508,2024-05-22,engineering,Consultant,9,11,3,1.21,2024,5,1.2222222222222223
509,2024-05-23,hr,Analyst,11,8,1,0.73,2024,5,0.7272727272727273
510,2024-05-24,finance,Analyst,4,1,3,0.21,2024,5,0.25
511,2024-05-25,finance,Developer,8,1,3,0.12,2024,5,0.125
512,2024-05-26,finance,Consultant,6,3,3,0.48,2024,5,0.5
513,2024-05-27,marketing,Consultant,11,4,3,0.35,2024,5,0.36363636363636365
514,2024-05-28,finance,Technician,7,19,3,2.71,2024,5,2.7142857142857144
515,2024-05-29,marketing,Analyst,0,16,3,1.38,2024,5,inf
516,2024-05-30,sales,Consultant,6,5,2,0.76,2024,5,0.8333333333333334
517,2024-05-31,finance,Developer,4,3,2,0.75,2024,5,0.75
518,2024-06-01,hr,Developer,10,17,3,1.67,2024,6,1.7
519,2024-06-02,hr,Analyst,9,3,4,0.3,2024,6,0.3333333333333333
520,2024-06-03,engineering,Consultant,9,4,2,0.41,2024,6,0.4444444444444444
521,2024-06-04,sales,Analyst,7,9,2,1.17,2024,6,1.2857142857142858
522,2024-06-05,finance,Manager,9,8,2,0.86,2024,6,0.8888888888888888
523,2024-06-06,marketing,Consultant,6,15,2,2.17,2024,6,2.5
524,2024-06-07,marketing,Developer,4,10,1,2.22,2024,6,2.5
525,2024-06-08,marketing,Analyst,8,9,4,1.08,2024,6,1.125
526,2024-06-09,marketing,Developer,5,15,4,2.63,2024,6,3.0
527,2024-06-10,sales,Analyst,7,2,2,0.27,2024,6,0.2857142857142857
528,2024-06-11,hr,Analyst,5,4,2,0.7,2024,6,0.8
529,2024-06-12,hr,Developer,6,6,1,0.98,2024,6,1.0
530,2024-06-13,hr,Technician,10,2,4,0.19,2024,6,0.2
531,2024-06-14,hr,Analyst,6,10,4,1.49,2024,6,1.6666666666666667
532,2024-06-15,marketing,Technician,8,12,2,1.4,2024,6,1.5
533,2024-06-16,engineering,Developer,8,11,1,1.29,2024,6,1.375
534,2024-06-17,finance,Manager,7,14,2,1.77,2024,6,2.0
535,2024-06-18,marketing,Technician,6,4,2,0.6,2024,6,0.6666666666666666
536,2024-06-19,marketing,Developer,9,4,1,0.42,2024,6,0.4444444444444444
537,2024-06-20,hr,Technician,4,2,1,0.45,2024,6,0.5
538,2024-06-21,marketing,Developer,4,1,2,0.21,2024,6,0.25
539,2024-06-22,marketing,Manager,10,5,2,0.49,2024,6,0.5
540,2024-06-23,hr,Consultant,7,6,3,0.78,2024,6,0.8571428571428571
541,2024-06-24,sales,Technician,5,11,2,2.2,2024,6,2.2
542,2024-06-25,sales,Analyst,10,12,1,1.1,2024,6,1.2
543,2024-06-26,hr,Analyst,7,15,3,2.0,2024,6,2.142857142857143
544,2024-06-27,hr,Manager,4,20,2,5.0,2024,6,5.0
545,2024-06-28,finance,Developer,11,9,2,0.77,2024,6,0.8181818181818182
546,2024-06-29,marketing,Technician,5,3,2,0.54,2024,6,0.6
547,2024-06-30,sales,Technician,9,12,2,1.26,2024,6,1.3333333333333333
548,2024-07-01,finance,Consultant,5,11,1,2.16,2024,7,2.2
549,2024-07-02,marketing,Technician,9,6,4,0.65,2024,7,0.6666666666666666
550,2024-07-03,hr,Consultant,5,4,4,0.75,2024,7,0.8
551,2024-07-04,marketing,Consultant,11,13,4,1.13,2024,7,1.1818181818181819
552,2024-07-05,marketing,Developer,6,13,3,2.1,2024,7,2.1666666666666665
553,2024-07-06,hr,Manager,9,15,2,1.63,2024,7,1.6666666666666667
554,2024-07-07,marketing,Analyst,6,9,3,1.5,2024,7,1.5
555,2024-07-08,sales,Manager,7,13,4,1.86,2024,7,1.8571428571428572
556,2024-07-09,marketing,Consultant,11,16,2,1.43,2024,7,1.4545454545454546
557,2024-07-10,hr,Manager,5,14,4,2.64,2024,7,2.8
558,2024-07-11,sales,Developer,7,6,1,0.83,2024,7,0.8571428571428571
559,2024-07-12,marketing,Analyst,6,4,2,0.62,2024,7,0.6666666666666666
560,2024-07-13,finance,Technician,9,5,3,0.52,2024,7,0.5555555555555556
561,2024-07-14,engineering,Developer,5,2,3,0.34,2024,7,0.4
562,2024-07-15,finance,Consultant,9,6,2,0.65,2024,7,0.6666666666666666
563,2024-07-16,engineering,Manager,9,4,3,0.42,2024,7,0.4444444444444444
564,2024-07-17,finance,Analyst,4,14,1,3.5,2024,7,3.5
565,2024-07-18,sales,Technician,7,19,1,2.44,2024,7,2.7142857142857144
566,2024-07-19,sales,Consultant,5,16,1,3.14,2024,7,3.2
567,2024-07-20,hr,Developer,5,19,3,3.28,2024,7,3.8
568,2024-07-21,sales,Consultant,9,15,1,1.6,2024,7,1.6666666666666667
569,2024-07-22,marketing,Technician,4,6,1,1.46,2024,7,1.5
570,2024-07-23,sales,Manager,9,20,2,2.08,2024,7,2.2222222222222223
571,2024-07-24,marketing,Technician,10,13,3,1.24,2024,7,1.3
572,2024-07-25,engineering,Consultant,11,12,3,1.01,2024,7,1.0909090909090908
573,2024-07-26,marketing,Developer,7,20,1,2.7,2024,7,2.857142857142857
574,2024-07-27,sales,Consultant,5,1,1,0.2,2024,7,0.2
575,2024-07-28,finance,Analyst,4,5,2,1.09,2024,7,1.25
576,2024-07-29,sales,Technician,7,16,2,2.25,2024,7,2.2857142857142856
577,2024-07-30,engineering,Consultant,9,16,2,1.63,2024,7,1.7777777777777777
578,2024-07-31,engineering,Consultant,4,4,4,0.83,2024,7,1.0
579,2024-08-01,engineering,Manager,6,14,4,2.15,2024,8,2.3333333333333335
580,2024-08-02,marketing,Technician,11,15,2,1.36,2024,8,1.3636363636363635
581,2024-08-03,finance,Developer,5,2,4,0.39,2024,8,0.4
582,2024-08-04,sales,Technician,10,3,2,0.29,2024,8,0.3
583,2024-08-05,sales,Manager,10,9,4,0.9,2024,8,0.9
584,2024-08-06,hr,Manager,5,11,4,2.16,2024,8,2.2
585,2024-08-07,sales,Manager,11,1,1,0.08,2024,8,0.09090909090909091
586,2024-08-08,finance,Manager,5,17,4,3.33,2024,8,3.4
587,2024-08-09,engineering,Analyst,8,19,1,2.32,2024,8,2.375
588,2024-08-10,marketing,Consultant,4,19,2,4.63,2024,8,4.75
589,2024-08-11,finance,Analyst,9,8,1,0.87,2024,8,0.8888888888888888
590,2024-08-12,hr,Technician,7,11,4,1.47,2024,8,1.5714285714285714
591,2024-08-13,sales,Technician,9,17,4,1.73,2024,8,1.8888888888888888
592,2024-08-14,hr,Technician,9,17,4,1.89,2024,8,1.8888888888888888
593,2024-08-15,finance,Analyst,5,20,1,3.85,2024,8,4.0
594,2024-08-16,marketing,Consultant,7,4,4,0.55,2024,8,0.5714285714285714
595,2024-08-17,finance,Developer,9,14,2,1.47,2024,8,1.5555555555555556
596,2024-08-18,sales,Manager,10,8,4,0.73,2024,8,0.8
597,2024-08-19,marketing,Analyst,4,16,2,3.4,2024,8,4.0
598,2024-08-20,finance,Developer,4,12,3,2.5,2024,8,3.0
599,2024-08-21,hr,Developer,10,13,1,1.3,2024,8,1.3
600,2024-08-22,sales,Manager,8,5,2,0.57,2024,8,0.625
601,2024-08-23,hr,Technician,7,18,4,2.54,2024,8,2.5714285714285716
602,2024-08-24,marketing,Manager,11,20,3,1.71,2024,8,1.8181818181818181
603,2024-08-25,engineering,Consultant,6,2,4,0.31,2024,8,0.3333333333333333
604,2024-08-26,marketing,Consultant,5,1,2,0.2,2024,8,0.2
605,2024-08-27,marketing,Consultant,6,6,3,0.97,2024,8,1.0
606,2024-08-28,marketing,Technician,4,17,2,3.62,2024,8,4.25
607,2024-08-29,engineering,Developer,8,16,2,1.9,2024,8,2.0
608,2024-08-30,marketing,Technician,8,16,3,1.82,2024,8,2.0
609,2024-08-31,hr,Manager,8,6,1,0.67,2024,8,0.75
610,2024-09-01,finance,Manager,10,3,4,0.29,2024,9,0.3
611,2024-09-02,marketing,Consultant,9,16,3,1.68,2024,9,1.7777777777777777
612,2024-09-03,finance,Developer,10,11,2,1.02,2024,9,1.1
613,2024-09-04,engineering,Consultant,9,8,3,0.86,2024,9,0.8888888888888888
614,2024-09-05,engineering,Consultant,6,11,1,1.72,2024,9,1.8333333333333333
615,2024-09-06,engineering,Developer,8,9,4,1.11,2024,9,1.125
616,2024-09-07,engineering,Consultant,8,2,4,0.25,2024,9,0.25
617,2024-09-08,marketing,Developer,10,17,1,1.7,2024,9,1.7
618,2024-09-09,finance,Consultant,6,8,1,1.25,2024,9,1.3333333333333333
619,2024-09-10,marketing,Analyst,4,18,3,4.09,2024,9,4.5
620,2024-09-11,finance,Technician,0,13,2,1.16,2024,9,inf
621,2024-09-12,finance,Developer,11,13,1,1.12,2024,9,1.1818181818181819
622,2024-09-13,hr,Technician,8,8,2,1.0,2024,9,1.0
623,2024-09-14,hr,Consultant,4,3,1,0.61,2024,9,0.75
624,2024-09-15,hr,Analyst,8,15,4,1.88,2024,9,1.875
625,2024-09-16,engineering,Manager,8,15,1,1.7,2024,9,1.875
626,2024-09-17,marketing,Manager,8,19,1,2.32,2024,9,2.375
627,2024-09-18,hr,Developer,11,15,4,1.27,2024,9,1.3636363636363635
628,2024-09-19,finance,Developer,11,3,2,0.25,2024,9,0.2727272727272727
629,2024-09-20,engineering,Analyst,11,16,3,1.39,2024,9,1.4545454545454546
630,2024-09-21,marketing,Consultant,5,15,2,2.94,2024,9,3.0
631,2024-09-22,sales,Analyst,10,11,1,1.01,2024,9,1.1
632,2024-09-23,engineering,Consultant,8,4,1,0.47,2024,9,0.5
633,2024-09-24,finance,Consultant,6,16,1,2.32,2024,9,2.6666666666666665
634,2024-09-25,hr,Technician,9,1,3,0.11,2024,9,0.1111111111111111
635,2024-09-26,hr,Technician,10,4,4,0.4,2024,9,0.4
636,2024-09-27,finance,Manager,11,13,4,1.12,2024,9,1.1818181818181819
637,2024-09-28,hr,Analyst,10,14,3,1.37,2024,9,1.4
638,2024-09-29,hr,Developer,4,2,1,0.49,2024,9,0.5
639,2024-09-30,engineering,Analyst,4,18,3,4.0,2024,9,4.5
640,2024-10-01,finance,Developer,6,18,3,2.95,2024,10,3.0
641,2024-10-02,sales,Analyst,4,1,4,0.23,2024,10,0.25
642,2024-10-03,engineering,Analyst,4,3,1,0.67,2024,10,0.75
643,2024-10-04,marketing,Manager,10,20,1,1.94,2024,10,2.0
644,2024-10-05,hr,Analyst,8,20,4,2.47,2024,10,2.5
645,2024-10-06,sales,Analyst,9,10,4,1.11,2024,10,1.1111111111111112
646,2024-10-07,engineering,Consultant,8,17,4,2.12,2024,10,2.125
647,2024-10-08,sales,Analyst,7,18,4,2.47,2024,10,2.5714285714285716
648,2024-10-09,engineering,Technician,9,7,2,0.73,2024,10,0.7777777777777778
649,2024-10-10,engineering,Manager,4,15,1,3.19,2024,10,3.75
650,2024-10-11,engineering,Analyst,8,11,3,1.33,2024,10,1.375
651,2024-10-12,hr,Developer,8,12,2,1.35,2024,10,1.5
652,2024-10-13,hr,Analyst,6,2,1,0.32,2024,10,0.3333333333333333
653,2024-10-14,sales,Consultant,6,8,4,1.23,2024,10,1.3333333333333333
654,2024-10-15,engineering,Developer,8,15,2,1.85,2024,10,1.875
655,2024-10-16,sales,Developer,5,11,2,1.96,2024,10,2.2
656,2024-10-17,engineering,Developer,10,18,2,1.71,2024,10,1.8
657,2024-10-18,hr,Analyst,8,20,3,2.41,2024,10,2.5
658,2024-10-19,marketing,Manager,7,20,1,2.82,2024,10,2.857142857142857
659,2024-10-20,hr,Technician,9,16,1,1.76,2024,10,1.7777777777777777
660,2024-10-21,hr,Developer,10,12,2,1.12,2024,10,1.2
661,2024-10-22,engineering,Technician,9,15,3,1.6,2024,10,1.6666666666666667
662,2024-10-23,finance,Analyst,4,4,2,0.89,2024,10,1.0
663,2024-10-24,sales,Analyst,9,4,4,0.42,2024,10,0.4444444444444444
664,2024-10-25,hr,Manager,9,8,4,0.82,2024,10,0.8888888888888888
665,2024-10-26,marketing,Developer,10,1,3,0.09,2024,10,0.1
666,2024-10-27,marketing,Technician,0,11,1,2.44,2024,10,inf
667,2024-10-28,marketing,Consultant,4,12,1,2.55,2024,10,3.0
668,2024-10-29,finance,Developer,7,10,2,1.33,2024,10,1.4285714285714286
669,2024-10-30,engineering,Developer,7,18,2,2.37,2024,10,2.5714285714285716
670,2024-10-31,engineering,Technician,8,17,2,1.91,2024,10,2.125
671,2024-11-01,engineering,Developer,6,12,1,1.85,2024,11,2.0
672,2024-11-02,sales,Technician,9,4,3,0.4,2024,11,0.4444444444444444
673,2024-11-03,sales,Consultant,9,2,2,0.2,2024,11,0.2222222222222222
674,2024-11-04,finance,Consultant,5,6,1,1.2,2024,11,1.2
675,2024-11-05,marketing,Analyst,9,16,1,1.65,2024,11,1.7777777777777777
676,2024-11-06,marketing,Developer,9,5,4,0.52,2024,11,0.5555555555555556
677,2024-11-07,marketing,Developer,5,14,4,2.64,2024,11,2.8
678,2024-11-08,sales,Manager,11,4,1,0.34,2024,11,0.36363636363636365
679,2024-11-09,finance,Developer,8,9,3,1.1,2024,11,1.125
680,2024-11-10,finance,Manager,10,20,3,1.94,2024,11,2.0
681,2024-11-11,marketing,Developer,9,7,3,0.71,2024,11,0.7777777777777778
682,2024-11-12,hr,Consultant,5,7,2,1.32,2024,11,1.4
683,2024-11-13,hr,Analyst,5,4,3,0.8,2024,11,0.8
684,2024-11-14,hr,Technician,10,13,2,1.27,2024,11,1.3
685,2024-11-15,hr,Consultant,6,7,3,1.13,2024,11,1.1666666666666667
686,2024-11-16,engineering,Manager,11,15,3,1.35,2024,11,1.3636363636363635
687,2024-11-17,engineering,Technician,10,7,2,0.69,2024,11,0.7
688,2024-11-18,finance,Analyst,4,11,3,2.62,2024,11,2.75
689,2024-11-19,finance,Consultant,10,4,1,0.38,2024,11,0.4
690,2024-11-20,marketing,Analyst,6,14,3,2.26,2024,11,2.3333333333333335
691,2024-11-21,marketing,Technician,4,2,1,0.44,2024,11,0.5
692,2024-11-22,engineering,Consultant,9,19,4,1.96,2024,11,2.111111111111111
693,2024-11-23,marketing,Manager,8,4,1,0.47,2024,11,0.5
694,2024-11-24,sales,Developer,4,15,4,3.26,2024,11,3.75
695,2024-11-25,marketing,Developer,7,15,1,1.97,2024,11,2.142857142857143
696,2024-11-26,marketing,Manager,6,19,2,2.75,2024,11,3.1666666666666665
697,2024-11-27,marketing,Manager,8,17,1,2.12,2024,11,2.125
698,2024-11-28,sales,Analyst,8,5,3,0.59,2024,11,0.625
699,2024-11-29,engineering,Developer,6,16,4,2.32,2024,11,2.6666666666666665
700,2024-11-30,engineering,Developer,6,1,3,0.17,2024,11,0.16666666666666666
701,2024-12-01,marketing,Consultant,4,17,3,3.54,2024,12,4.25
702,2024-12-02,sales,Developer,8,2,3,0.23,2024,12,0.25
703,2024-12-03,sales,Analyst,9,18,2,1.84,2024,12,2.0
704,2024-12-04,hr,Consultant,5,14,2,2.41,2024,12,2.8
705,2024-12-05,hr,Manager,8,19,3,2.35,2024,12,2.375
706,2024-12-06,finance,Technician,4,16,1,3.64,2024,12,4.0
707,2024-12-07,marketing,Consultant,10,17,4,1.56,2024,12,1.7
708,2024-12-08,engineering,Analyst,6,6,1,1.0,2024,12,1.0
709,2024-12-09,finance,Analyst,7,19,2,2.44,2024,12,2.7142857142857144
710,2024-12-10,hr,Technician,7,6,4,0.85,2024,12,0.8571428571428571
711,2024-12-11,marketing,Developer,5,5,1,0.96,2024,12,1.0
712,2024-12-12,marketing,Consultant,11,4,4,0.35,2024,12,0.36363636363636365
713,2024-12-13,sales,Analyst,10,13,1,1.19,2024,12,1.3
714,2024-12-14,engineering,Technician,8,20,3,2.38,2024,12,2.5
715,2024-12-15,engineering,Analyst,11,20,4,1.77,2024,12,1.8181818181818181
716,2024-12-16,hr,Consultant,9,11,2,1.11,2024,12,1.2222222222222223
717,2024-12-17,hr,Technician,7,17,2,2.3,2024,12,2.4285714285714284
718,2024-12-18,engineering,Developer,6,13,3,1.97,2024,12,2.1666666666666665
719,2024-12-19,finance,Consultant,7,14,4,1.92,2024,12,2.0
720,2024-12-20,finance,Consultant,9,20,2,2.04,2024,12,2.2222222222222223
721,2024-12-21,hr,Consultant,6,8,1,1.29,2024,12,1.3333333333333333
722,2024-12-22,sales,Manager,4,9,1,1.96,2024,12,2.25
723,2024-12-23,sales,Developer,7,13,2,1.86,2024,12,1.8571428571428572
724,2024-12-24,engineering,Technician,8,11,4,1.38,2024,12,1.375
725,2024-12-25,sales,Consultant,11,10,4,0.89,2024,12,0.9090909090909091
726,2024-12-26,sales,Consultant,5,15,1,2.78,2024,12,3.0
727,2024-12-27,marketing,Developer,10,5,3,0.48,2024,12,0.5
728,2024-12-28,finance,Consultant,11,5,3,0.42,2024,12,0.45454545454545453
729,2024-12-29,hr,Developer,11,14,1,1.21,2024,12,1.2727272727272727
730,2024-12-30,marketing,Manager,0,20,3,4.35,2024,12,inf
731,2024-12-31,engineering,Consultant,7,17,2,2.21,2024,12,2.4285714285714284
732,2025-01-01,marketing,Consultant,6,10,3,1.59,2025,1,1.6666666666666667
733,2025-01-02,sales,Technician,10,18,1,1.67,2025,1,1.8
734,2025-01-03,hr,Manager,6,11,4,1.67,2025,1,1.8333333333333333
735,2025-01-04,engineering,Consultant,8,18,2,2.14,2025,1,2.25
736,2025-01-05,marketing,Manager,4,7,1,1.71,2025,1,1.75
737,2025-01-06,engineering,Technician,5,7,3,1.25,2025,1,1.4
738,2025-01-07,hr,Manager,8,7,2,0.82,2025,1,0.875
739,2025-01-08,finance,Manager,6,20,2,3.12,2025,1,3.3333333333333335
740,2025-01-09,finance,Analyst,9,10,3,1.11,2025,1,1.1111111111111112
741,2025-01-10,marketing,Manager,7,12,4,1.56,2025,1,1.7142857142857142
742,2025-01-11,sales,Consultant,8,5,1,0.57,2025,1,0.625
743,2025-01-12,finance,Developer,7,6,1,0.76,2025,1,0.8571428571428571
744,2025-01-13,marketing,Consultant,10,17,2,1.67,2025,1,1.7
745,2025-01-14,finance,Technician,5,18,2,3.21,2025,1,3.6
746,2025-01-15,sales,Technician,11,11,1,0.98,2025,1,1.0
747,2025-01-16,sales,Consultant,10,4,4,0.4,2025,1,0.4
748,2025-01-17,engineering,Manager,6,12,2,2.0,2025,1,2.0
749,2025-01-18,engineering,Manager,4,18,2,4.39,2025,1,4.5
750,2025-01-19,finance,Analyst,7,16,2,2.19,2025,1,2.2857142857142856
751,2025-01-20,finance,Analyst,5,19,4,3.22,2025,1,3.8
752,2025-01-21,sales,Consultant,6,19,2,2.79,2025,1,3.1666666666666665
753,2025-01-22,engineering,Developer,10,14,2,1.31,2025,1,1.4
754,2025-01-23,engineering,Analyst,11,18,4,1.64,2025,1,1.6363636363636365
755,2025-01-24,sales,Manager,11,10,2,0.86,2025,1,0.9090909090909091
756,2025-01-25,marketing,Technician,4,14,3,3.5,2025,1,3.5
757,2025-01-26,engineering,Analyst,9,1,3,0.11,2025,1,0.1111111111111111
758,2025-01-27,engineering,Analyst,10,17,3,1.57,2025,1,1.7
759,2025-01-28,hr,Consultant,9,4,1,0.41,2025,1,0.4444444444444444
760,2025-01-29,finance,Consultant,4,1,4,0.21,2025,1,0.25
761,2025-01-30,marketing,Consultant,8,13,4,1.59,2025,1,1.625
762,2025-01-31,marketing,Consultant,5,5,2,0.85,2025,1,1.0
763,2025-02-01,marketing,Consultant,7,2,4,0.25,2025,2,0.2857142857142857
764,2025-02-02,finance,Manager,4,2,2,0.44,2025,2,0.5
765,2025-02-03,engineering,Analyst,12,7,2,0.58,2025,2,0.5833333333333334
766,2025-02-04,sales,Developer,9,9,3,0.93,2025,2,1.0
767,2025-02-05,engineering,Analyst,4,6,4,1.28,2025,2,1.5
768,2025-02-06,marketing,Technician,11,10,3,0.88,2025,2,0.9090909090909091
769,2025-02-07,hr,Analyst,11,9,3,0.8,2025,2,0.8181818181818182
770,2025-02-08,sales,Analyst,8,5,4,0.61,2025,2,0.625
771,2025-02-09,marketing,Analyst,9,2,2,0.21,2025,2,0.2222222222222222
772,2025-02-10,finance,Consultant,7,10,2,1.43,2025,2,1.4285714285714286
773,2025-02-11,hr,Analyst,11,7,1,0.59,2025,2,0.6363636363636364
774,2025-02-12,engineering,Analyst,4,18,4,3.83,2025,2,4.5
775,2025-02-13,engineering,Technician,4,2,1,0.42,2025,2,0.5
776,2025-02-14,hr,Consultant,5,12,4,2.35,2025,2,2.4
777,2025-02-15,sales,Analyst,10,15,3,1.42,2025,2,1.5
778,2025-02-16,sales,Manager,4,4,2,0.87,2025,2,1.0
779,2025-02-17,engineering,Consultant,8,20,3,2.35,2025,2,2.5
780,2025-02-18,hr,Analyst,7,18,3,2.4,2025,2,2.5714285714285716
781,2025-02-19,sales,Technician,11,8,4,0.68,2025,2,0.7272727272727273
782,2025-02-20,engineering,Technician,5,18,1,3.05,2025,2,3.6
783,2025-02-21,marketing,Technician,6,13,1,2.13,2025,2,2.1666666666666665
784,2025-02-22,engineering,Technician,6,8,2,1.23,2025,2,1.3333333333333333
785,2025-02-23,finance,Analyst,10,17,1,1.63,2025,2,1.7
786,2025-02-24,sales,Analyst,9,10,2,1.04,2025,2,1.1111111111111112
787,2025-02-25,sales,Consultant,9,2,3,0.2,2025,2,0.2222222222222222
788,2025-02-26,finance,Analyst,6,13,1,2.0,2025,2,2.1666666666666665
789,2025-02-27,engineering,Developer,6,13,4,2.1,2025,2,2.1666666666666665
790,2025-02-28,finance,Analyst,4,14,1,3.04,2025,2,3.5
791,2025-03-01,sales,Developer,5,11,2,1.96,2025,3,2.2
792,2025-03-02,engineering,Analyst,10,18,4,1.76,2025,3,1.8
793,2025-03-03,sales,Developer,8,2,3,0.23,2025,3,0.25
794,2025-03-04,sales,Technician,5,1,3,0.19,2025,3,0.2
795,2025-03-05,finance,Consultant,5,9,4,1.7,2025,3,1.8
796,2025-03-06,marketing,Manager,7,7,1,0.91,2025,3,1.0
797,2025-03-07,engineering,Consultant,7,20,4,2.74,2025,3,2.857142857142857
798,2025-03-08,sales,Developer,8,15,3,1.81,2025,3,1.875
799,2025-03-09,engineering,Analyst,11,8,3,0.68,2025,3,0.7272727272727273
800,2025-03-10,sales,Consultant,5,12,4,2.11,2025,3,2.4
801,2025-03-11,finance,Developer,6,19,3,2.92,2025,3,3.1666666666666665
802,2025-03-12,finance,Consultant,6,18,2,2.95,2025,3,3.0
803,2025-03-13,engineering,Manager,5,20,3,4.0,2025,3,4.0
804,2025-03-14,sales,Developer,5,7,3,1.32,2025,3,1.4
805,2025-03-15,engineering,Consultant,9,7,1,0.74,2025,3,0.7777777777777778
806,2025-03-16,hr,Manager,10,10,1,0.94,2025,3,1.0
807,2025-03-17,engineering,Consultant,9,15,4,1.56,2025,3,1.6666666666666667
808,2025-03-18,finance,Manager,4,6,2,1.4,2025,3,1.5
809,2025-03-19,engineering,Developer,10,3,4,0.28,2025,3,0.3
810,2025-03-20,engineering,Technician,6,6,2,0.91,2025,3,1.0
811,2025-03-21,engineering,Developer,4,6,4,1.28,2025,3,1.5
812,2025-03-22,finance,Technician,6,17,4,2.83,2025,3,2.8333333333333335
813,2025-03-23,hr,Technician,6,4,1,0.59,2025,3,0.6666666666666666
814,2025-03-24,marketing,Developer,8,13,3,1.6,2025,3,1.625
815,2025-03-25,engineering,Manager,9,2,3,0.21,2025,3,0.2222222222222222
816,2025-03-26,finance,Technician,6,14,1,2.3,2025,3,2.3333333333333335
817,2025-03-27,marketing,Analyst,11,9,4,0.76,2025,3,0.8181818181818182
818,2025-03-28,hr,Consultant,4,18,2,4.29,2025,3,4.5
819,2025-03-29,marketing,Technician,7,9,2,1.25,2025,3,1.2857142857142858
820,2025-03-30,marketing,Manager,7,5,1,0.66,2025,3,0.7142857142857143
821,2025-03-31,sales,Developer,10,6,3,0.6,2025,3,0.6
822,2025-04-01,finance,Developer,6,19,1,3.17,2025,4,3.1666666666666665
823,2025-04-02,marketing,Consultant,7,9,3,1.17,2025,4,1.2857142857142858
824,2025-04-03,sales,Technician,10,1,1,0.1,2025,4,0.1
825,2025-04-04,sales,Technician,5,11,1,2.16,2025,4,2.2
826,2025-04-05,engineering,Manager,4,15,3,3.66,2025,4,3.75
827,2025-04-06,hr,Technician,10,5,2,0.47,2025,4,0.5
828,2025-04-07,engineering,Manager,11,2,2,0.17,2025,4,0.18181818181818182
829,2025-04-08,engineering,Technician,5,5,3,1.0,2025,4,1.0
830,2025-04-09,sales,Technician,10,11,3,1.04,2025,4,1.1
831,2025-04-10,sales,Analyst,7,20,1,2.86,2025,4,2.857142857142857
832,2025-04-11,engineering,Developer,9,2,2,0.22,2025,4,0.2222222222222222
833,2025-04-12,engineering,Technician,9,20,2,2.17,2025,4,2.2222222222222223
834,2025-04-13,engineering,Technician,8,10,1,1.15,2025,4,1.25
835,2025-04-14,marketing,Technician,6,16,1,2.62,2025,4,2.6666666666666665
836,2025-04-15,engineering,Technician,10,19,3,1.81,2025,4,1.9
837,2025-04-16,marketing,Manager,4,18,1,4.29,2025,4,4.5
838,2025-04-17,hr,Developer,4,12,2,2.67,2025,4,3.0
839,2025-04-18,engineering,Manager,11,3,1,0.27,2025,4,0.2727272727272727
840,2025-04-19,sales,Technician,7,11,3,1.47,2025,4,1.5714285714285714
841,2025-04-20,finance,Analyst,5,17,4,3.4,2025,4,3.4
842,2025-04-21,marketing,Technician,11,8,1,0.71,2025,4,0.7272727272727273
843,2025-04-22,marketing,Developer,10,6,1,0.57,2025,4,0.6
844,2025-04-23,sales,Developer,6,17,3,2.54,2025,4,2.8333333333333335
845,2025-04-24,sales,Technician,4,3,2,0.7,2025,4,0.75
846,2025-04-25,sales,Technician,7,17,3,2.21,2025,4,2.4285714285714284
847,2025-04-26,finance,Developer,5,6,1,1.13,2025,4,1.2
848,2025-04-27,finance,Manager,8,14,3,1.63,2025,4,1.75
849,2025-04-28,marketing,Manager,10,18,3,1.7,2025,4,1.8
850,2025-04-29,marketing,Manager,7,18,1,2.5,2025,4,2.5714285714285716
851,2025-04-30,sales,Developer,4,13,1,3.1,2025,4,3.25
852,2025-05-01,hr,Analyst,9,3,4,0.32,2025,5,0.3333333333333333
853,2025-05-02,hr,Manager,5,12,2,2.22,2025,5,2.4
854,2025-05-03,marketing,Consultant,5,8,4,1.4,2025,5,1.6
855,2025-05-04,sales,Consultant,5,7,1,1.27,2025,5,1.4
856,2025-05-05,sales,Developer,6,11,3,1.77,2025,5,1.8333333333333333
857,2025-05-06,marketing,Consultant,11,11,2,0.99,2025,5,1.0
858,2025-05-07,engineering,Manager,4,12,2,2.79,2025,5,3.0
859,2025-05-08,hr,Technician,9,10,2,1.11,2025,5,1.1111111111111112
860,2025-05-09,marketing,Technician,6,7,3,1.17,2025,5,1.1666666666666667
861,2025-05-10,sales,Technician,6,20,1,3.12,2025,5,3.3333333333333335
862,2025-05-11,engineering,Developer,7,17,2,2.33,2025,5,2.4285714285714284
863,2025-05-12,marketing,Manager,8,16,4,1.9,2025,5,2.0
864,2025-05-13,sales,Consultant,4,18,3,4.0,2025,5,4.5
865,2025-05-14,hr,Manager,6,1,4,0.16,2025,5,0.16666666666666666
866,2025-05-15,marketing,Manager,5,4,2,0.78,2025,5,0.8
867,2025-05-16,finance,Analyst,0,12,1,2.14,2025,5,inf
868,2025-05-17,finance,Analyst,11,15,1,1.35,2025,5,1.3636363636363635
869,2025-05-18,hr,Analyst,8,8,4,0.98,2025,5,1.0
870,2025-05-19,engineering,Analyst,9,20,1,2.22,2025,5,2.2222222222222223
871,2025-05-20,engineering,Consultant,10,20,2,1.92,2025,5,2.0
872,2025-05-21,marketing,Technician,10,8,4,0.77,2025,5,0.8
873,2025-05-22,hr,Analyst,11,2,4,0.17,2025,5,0.18181818181818182
874,2025-05-23,hr,Consultant,10,11,1,1.07,2025,5,1.1
875,2025-05-24,sales,Manager,6,13,1,1.88,2025,5,2.1666666666666665
876,2025-05-25,marketing,Consultant,8,4,4,0.48,2025,5,0.5
877,2025-05-26,finance,Consultant,7,13,4,1.65,2025,5,1.8571428571428572
878,2025-05-27,sales,Manager,11,9,4,0.8,2025,5,0.8181818181818182
879,2025-05-28,hr,Manager,8,18,4,2.25,2025,5,2.25
880,2025-05-29,engineering,Analyst,7,10,1,1.41,2025,5,1.4285714285714286
881,2025-05-30,finance,Developer,5,1,3,0.19,2025,5,0.2
882,2025-05-31,finance,Developer,6,17,1,2.58,2025,5,2.8333333333333335
883,2025-06-01,hr,Technician,5,12,2,2.07,2025,6,2.4
884,2025-06-02,sales,Consultant,11,17,1,1.52,2025,6,1.5454545454545454
885,2025-06-03,sales,Analyst,10,17,1,1.67,2025,6,1.7
886,2025-06-04,marketing,Manager,4,15,3,3.33,2025,6,3.75
887,2025-06-05,hr,Technician,11,16,1,1.34,2025,6,1.4545454545454546
888,2025-06-06,engineering,Analyst,8,2,3,0.24,2025,6,0.25
889,2025-06-07,finance,Consultant,10,10,2,0.99,2025,6,1.0
890,2025-06-08,engineering,Analyst,12,7,2,0.58,2025,6,0.5833333333333334
891,2025-06-09,marketing,Manager,11,11,3,0.93,2025,6,1.0
892,2025-06-10,engineering,Manager,4,17,1,3.54,2025,6,4.25
893,2025-06-11,finance,Consultant,9,3,3,0.32,2025,6,0.3333333333333333
894,2025-06-12,sales,Consultant,6,4,1,0.66,2025,6,0.6666666666666666
895,2025-06-13,hr,Developer,10,6,3,0.57,2025,6,0.6
896,2025-06-14,finance,Developer,11,18,3,1.59,2025,6,1.6363636363636365
897,2025-06-15,engineering,Developer,4,18,1,4.09,2025,6,4.5
898,2025-06-16,finance,Developer,12,1,1,0.08,2025,6,0.08333333333333333
899,2025-06-17,engineering,Consultant,5,3,2,0.52,2025,6,0.6
900,2025-06-18,engineering,Analyst,10,7,4,0.65,2025,6,0.7
901,2025-06-19,sales,Analyst,10,7,3,0.67,2025,6,0.7
902,2025-06-20,finance,Consultant,6,14,1,2.06,2025,6,2.3333333333333335
903,2025-06-21,sales,Technician,10,4,3,0.37,2025,6,0.4
904,2025-06-22,marketing,Manager,10,7,1,0.65,2025,6,0.7
905,2025-06-23,finance,Developer,5,18,2,3.33,2025,6,3.6
906,2025-06-24,engineering,Consultant,8,14,2,1.61,2025,6,1.75
907,2025-06-25,marketing,Manager,10,3,4,0.29,2025,6,0.3
908,2025-06-26,marketing,Developer,9,5,3,0.52,2025,6,0.5555555555555556
909,2025-06-27,hr,Manager,11,1,4,0.09,2025,6,0.09090909090909091
910,2025-06-28,marketing,Developer,4,15,1,3.57,2025,6,3.75
911,2025-06-29,engineering,Developer,9,11,4,1.15,2025,6,1.2222222222222223
912,2025-06-30,sales,Developer,11,2,3,0.17,2025,6,0.18181818181818182
913,2025-07-01,finance,Manager,8,3,1,0.35,2025,7,0.375
914,2025-07-02,marketing,Analyst,8,3,2,0.35,2025,7,0.375
915,2025-07-03,marketing,Developer,5,2,4,0.36,2025,7,0.4
916,2025-07-04,finance,Manager,11,6,1,0.5,2025,7,0.5454545454545454
917,2025-07-05,marketing,Analyst,11,9,2,0.81,2025,7,0.8181818181818182
918,2025-07-06,marketing,Developer,7,18,4,2.28,2025,7,2.5714285714285716
919,2025-07-07,marketing,Manager,6,3,3,0.46,2025,7,0.5
920,2025-07-08,marketing,Developer,7,19,1,2.41,2025,7,2.7142857142857144
921,2025-07-09,marketing,Technician,4,8,3,1.7,2025,7,2.0
922,2025-07-10,sales,Developer,5,9,2,1.53,2025,7,1.8
923,2025-07-11,marketing,Developer,5,14,4,2.41,2025,7,2.8
924,2025-07-12,sales,Developer,8,13,1,1.59,2025,7,1.625
925,2025-07-13,marketing,Manager,4,15,1,3.75,2025,7,3.75
926,2025-07-14,finance,Developer,11,13,3,1.15,2025,7,1.1818181818181819
927,2025-07-15,engineering,Technician,5,14,2,2.5,2025,7,2.8
928,2025-07-16,engineering,Consultant,5,11,2,2.2,2025,7,2.2
929,2025-07-17,marketing,Analyst,9,1,1,0.1,2025,7,0.1111111111111111
930,2025-07-18,hr,Technician,11,13,2,1.14,2025,7,1.1818181818181819
931,2025-07-19,finance,Consultant,10,4,2,0.37,2025,7,0.4
932,2025-07-20,marketing,Developer,6,18,3,2.73,2025,7,3.0
933,2025-07-21,hr,Manager,4,1,1,0.24,2025,7,0.25
934,2025-07-22,hr,Analyst,8,20,4,2.3,2025,7,2.5
935,2025-07-23,engineering,Manager,11,3,3,0.27,2025,7,0.2727272727272727
936,2025-07-24,sales,Technician,10,19,4,1.86,2025,7,1.9
937,2025-07-25,engineering,Technician,10,2,3,0.19,2025,7,0.2
938,2025-07-26,sales,Manager,10,3,4,0.28,2025,7,0.3
939,2025-07-27,sales,Technician,11,12,4,1.03,2025,7,1.0909090909090908
940,2025-07-28,finance,Manager,7,17,4,2.43,2025,7,2.4285714285714284
941,2025-07-29,sales,Developer,11,4,1,0.35,2025,7,0.36363636363636365
942,2025-07-30,engineering,Consultant,7,10,3,1.39,2025,7,1.4285714285714286
943,2025-07-31,sales,Consultant,4,10,2,2.08,2025,7,2.5
944,2025-08-01,marketing,Technician,6,20,1,3.12,2025,8,3.3333333333333335
945,2025-08-02,finance,Consultant,5,3,4,0.59,2025,8,0.6
946,2025-08-03,hr,Developer,5,10,3,1.89,2025,8,2.0
947,2025-08-04,sales,Technician,11,15,1,1.29,2025,8,1.3636363636363635
948,2025-08-05,hr,Analyst,10,13,2,1.26,2025,8,1.3
949,2025-08-06,sales,Technician,11,13,4,1.11,2025,8,1.1818181818181819
950,2025-08-07,sales,Technician,9,1,3,0.11,2025,8,0.1111111111111111
951,2025-08-08,marketing,Analyst,5,16,3,2.96,2025,8,3.2
952,2025-08-09,sales,Consultant,11,6,1,0.51,2025,8,0.5454545454545454
953,2025-08-10,sales,Consultant,9,18,1,1.89,2025,8,2.0
954,2025-08-11,sales,Developer,11,8,1,0.7,2025,8,0.7272727272727273
955,2025-08-12,finance,Consultant,10,5,4,0.49,2025,8,0.5
956,2025-08-13,marketing,Analyst,5,13,4,2.24,2025,8,2.6
957,2025-08-14,hr,Manager,8,18,2,2.07,2025,8,2.25
958,2025-08-15,engineering,Developer,5,10,3,1.85,2025,8,2.0
959,2025-08-16,engineering,Developer,6,5,1,0.77,2025,8,0.8333333333333334
960,2025-08-17,marketing,Consultant,9,10,1,1.05,2025,8,1.1111111111111112
961,2025-08-18,marketing,Analyst,5,12,3,2.4,2025,8,2.4
962,2025-08-19,engineering,Manager,9,1,4,0.1,2025,8,0.1111111111111111
963,2025-08-20,sales,Manager,11,18,4,1.55,2025,8,1.6363636363636365
964,2025-08-21,sales,Analyst,11,18,2,1.55,2025,8,1.6363636363636365
965,2025-08-22,hr,Consultant,7,5,3,0.7,2025,8,0.7142857142857143
966,2025-08-23,finance,Developer,12,4,3,0.33,2025,8,0.3333333333333333
967,2025-08-24,hr,Developer,11,2,1,0.17,2025,8,0.18181818181818182
968,2025-08-25,sales,Technician,4,1,4,0.23,2025,8,0.25
969,2025-08-26,engineering,Analyst,8,19,4,2.16,2025,8,2.375
970,2025-08-27,sales,Analyst,11,20,1,1.75,2025,8,1.8181818181818181
971,2025-08-28,finance,Analyst,11,13,4,1.11,2025,8,1.1818181818181819
972,2025-08-29,hr,Technician,5,18,4,3.1,2025,8,3.6
973,2025-08-30,sales,Consultant,8,18,2,2.12,2025,8,2.25
974,2025-08-31,sales,Manager,11,3,3,0.26,2025,8,0.2727272727272727
975,2025-09-01,finance,Technician,5,10,4,1.96,2025,9,2.0
976,2025-09-02,engineering,Developer,10,7,1,0.7,2025,9,0.7
977,2025-09-03,hr,Consultant,5,12,2,2.03,2025,9,2.4
978,2025-09-04,sales,Technician,11,7,4,0.59,2025,9,0.6363636363636364
979,2025-09-05,finance,Manager,5,14,3,2.64,2025,9,2.8
980,2025-09-06,engineering,Analyst,11,17,4,1.53,2025,9,1.5454545454545454
981,2025-09-07,hr,Manager,4,5,4,1.06,2025,9,1.25
982,2025-09-08,sales,Manager,9,6,2,0.62,2025,9,0.6666666666666666
983,2025-09-09,hr,Developer,9,6,2,0.66,2025,9,0.6666666666666666
984,2025-09-10,engineering,Consultant,11,8,2,0.72,2025,9,0.7272727272727273
985,2025-09-11,marketing,Manager,7,20,4,2.63,2025,9,2.857142857142857
986,2025-09-12,marketing,Consultant,6,9,4,1.48,2025,9,1.5
987,2025-09-13,sales,Developer,6,7,4,1.17,2025,9,1.1666666666666667
988,2025-09-14,engineering,Analyst,4,4,2,0.89,2025,9,1.0
989,2025-09-15,marketing,Analyst,6,6,4,0.98,2025,9,1.0
990,2025-09-16,hr,Technician,4,19,1,3.88,2025,9,4.75
991,2025-09-17,engineering,Manager,4,2,1,0.5,2025,9,0.5
992,2025-09-18,hr,Developer,7,18,4,2.54,2025,9,2.5714285714285716
993,2025-09-19,engineering,Analyst,9,15,3,1.52,2025,9,1.6666666666666667
994,2025-09-20,engineering,Technician,11,18,2,1.53,2025,9,1.6363636363636365
995,2025-09-21,sales,Consultant,11,3,3,0.27,2025,9,0.2727272727272727
996,2025-09-22,hr,Analyst,7,10,1,1.27,2025,9,1.4285714285714286
997,2025-09-23,finance,Developer,7,3,1,0.43,2025,9,0.42857142857142855
998,2025-09-24,engineering,Consultant,8,9,3,1.07,2025,9,1.125
999,2025-09-25,sales,Analyst,4,4,2,0.83,2025,9,1.0
1000,2025-09-26,sales,Analyst,7,7,3,0.9,2025,9,1.0
